timeStamp,elapsed,label,responseCode,responseMessage,threadName,dataType,success,failureMessage,bytes,sentBytes,grpThreads,allThreads,URL,Latency,IdleTime,Connect
1779042992829,17,GET All Characters,200,OK,Thread Group 1-3,text,true,,556,159,5,5,http://localhost:3001/characters,15,0,7
1779042992832,14,GET All Characters,200,OK,Thread Group 1-4,text,true,,556,159,5,5,http://localhost:3001/characters,12,0,4
1779042992829,17,GET All Characters,200,OK,Thread Group 1-1,text,true,,556,159,5,5,http://localhost:3001/characters,17,0,7
1779042992829,17,GET All Characters,200,OK,Thread Group 1-2,text,true,,556,159,5,5,http://localhost:3001/characters,16,0,7
1779042992836,11,GET All Characters,200,OK,Thread Group 1-5,text,true,,556,159,6,6,http://localhost:3001/characters,11,0,0
1779042992847,2,POST Character,201,Created,Thread Group 1-3,text,true,,276,223,6,6,http://localhost:3001/character,2,0,0
1779042992847,3,POST Character,201,Created,Thread Group 1-1,text,true,,276,223,6,6,http://localhost:3001/character,3,0,0
1779042992847,3,POST Character,201,Created,Thread Group 1-2,text,true,,276,223,6,6,http://localhost:3001/character,3,0,0
1779042992847,4,POST Character,201,Created,Thread Group 1-4,text,true,,276,223,6,6,http://localhost:3001/character,4,0,0
1779042992848,3,POST Character,201,Created,Thread Group 1-5,text,true,,276,223,6,6,http://localhost:3001/character,3,0,0
1779042992849,2,GET Character by ID,200,OK,Thread Group 1-3,text,true,,264,160,6,6,http://localhost:3001/character/1,2,0,0
1779042992850,2,GET Character by ID,200,OK,Thread Group 1-1,text,true,,264,160,6,6,http://localhost:3001/character/1,2,0,0
1779042992850,2,GET Character by ID,200,OK,Thread Group 1-2,text,true,,264,160,6,6,http://localhost:3001/character/1,2,0,0
1779042992851,2,PUT Character,200,OK,Thread Group 1-3,text,true,,270,210,6,6,http://localhost:3001/character/2,2,0,0
1779042992852,2,PUT Character,200,OK,Thread Group 1-1,text,true,,270,210,6,6,http://localhost:3001/character/2,2,0,0
1779042992852,2,PUT Character,200,OK,Thread Group 1-2,text,true,,270,210,6,6,http://localhost:3001/character/2,2,0,0
1779042992851,3,GET Character by ID,200,OK,Thread Group 1-4,text,true,,264,160,6,6,http://localhost:3001/character/1,3,0,0
1779042992851,3,GET Character by ID,200,OK,Thread Group 1-5,text,true,,264,160,6,6,http://localhost:3001/character/1,3,0,0
1779042992847,8,GET All Characters,200,OK,Thread Group 1-6,text,true,,741,159,6,6,http://localhost:3001/characters,8,0,1
1779042992853,2,DELETE Character,404,Not Found,Thread Group 1-3,text,false,,273,213,6,6,http://localhost:3001/character/3,2,0,0
1779042992854,2,DELETE Character,404,Not Found,Thread Group 1-1,text,false,,273,213,6,6,http://localhost:3001/character/3,2,0,0
1779042992854,2,DELETE Character,404,Not Found,Thread Group 1-2,text,false,,273,213,6,6,http://localhost:3001/character/3,2,0,0
1779042992854,2,PUT Character,200,OK,Thread Group 1-4,text,true,,270,210,6,6,http://localhost:3001/character/2,2,0,0
1779042992854,3,PUT Character,200,OK,Thread Group 1-5,text,true,,270,210,3,3,http://localhost:3001/character/2,3,0,0
1779042992855,2,POST Character,201,Created,Thread Group 1-6,text,true,,276,223,3,3,http://localhost:3001/character,2,0,0
1779042992857,1,DELETE Character,404,Not Found,Thread Group 1-5,text,false,,273,213,4,4,http://localhost:3001/character/3,1,0,0
1779042992857,2,GET Character by ID,200,OK,Thread Group 1-6,text,true,,264,160,4,3,http://localhost:3001/character/1,2,0,0
1779042992856,3,DELETE Character,404,Not Found,Thread Group 1-4,text,false,,273,213,3,3,http://localhost:3001/character/3,3,0,0
1779042992859,0,PUT Character,200,OK,Thread Group 1-6,text,true,,270,210,2,2,http://localhost:3001/character/2,0,0,0
1779042992858,2,GET All Characters,200,OK,Thread Group 1-7,text,true,,778,159,2,2,http://localhost:3001/characters,2,0,0
1779042992860,0,DELETE Character,404,Not Found,Thread Group 1-6,text,false,,273,213,2,2,http://localhost:3001/character/3,0,0,0
1779042992860,0,POST Character,201,Created,Thread Group 1-7,text,true,,276,223,1,1,http://localhost:3001/character,0,0,0
1779042992861,0,GET Character by ID,200,OK,Thread Group 1-7,text,true,,264,160,1,1,http://localhost:3001/character/1,0,0,0
1779042992861,0,PUT Character,200,OK,Thread Group 1-7,text,true,,270,210,1,1,http://localhost:3001/character/2,0,0,0
1779042992862,0,DELETE Character,404,Not Found,Thread Group 1-7,text,false,,273,213,1,1,http://localhost:3001/character/3,0,0,0
1779042992868,1,GET All Characters,200,OK,Thread Group 1-8,text,true,,815,159,1,1,http://localhost:3001/characters,1,0,0
1779042992869,0,POST Character,201,Created,Thread Group 1-8,text,true,,276,223,1,1,http://localhost:3001/character,0,0,0
1779042992869,1,GET Character by ID,200,OK,Thread Group 1-8,text,true,,264,160,1,1,http://localhost:3001/character/1,1,0,0
1779042992870,0,PUT Character,200,OK,Thread Group 1-8,text,true,,270,210,1,1,http://localhost:3001/character/2,0,0,0
1779042992871,0,DELETE Character,404,Not Found,Thread Group 1-8,text,false,,273,213,1,1,http://localhost:3001/character/3,0,0,0
1779042992881,1,GET All Characters,200,OK,Thread Group 1-9,text,true,,852,159,1,1,http://localhost:3001/characters,1,0,0
1779042992882,1,POST Character,201,Created,Thread Group 1-9,text,true,,276,223,1,1,http://localhost:3001/character,1,0,0
1779042992883,0,GET Character by ID,200,OK,Thread Group 1-9,text,true,,264,160,1,1,http://localhost:3001/character/1,0,0,0
1779042992883,1,PUT Character,200,OK,Thread Group 1-9,text,true,,270,210,1,1,http://localhost:3001/character/2,1,0,0
1779042992884,1,DELETE Character,404,Not Found,Thread Group 1-9,text,false,,273,213,1,1,http://localhost:3001/character/3,1,0,0
1779042992891,1,GET All Characters,200,OK,Thread Group 1-10,text,true,,889,159,1,1,http://localhost:3001/characters,1,0,0
1779042992892,1,POST Character,201,Created,Thread Group 1-10,text,true,,276,223,1,1,http://localhost:3001/character,1,0,0
1779042992893,1,GET Character by ID,200,OK,Thread Group 1-10,text,true,,264,160,1,1,http://localhost:3001/character/1,1,0,0
1779042992894,0,PUT Character,200,OK,Thread Group 1-10,text,true,,270,210,1,1,http://localhost:3001/character/2,0,0,0
1779042992894,1,DELETE Character,404,Not Found,Thread Group 1-10,text,false,,273,213,1,1,http://localhost:3001/character/3,1,0,0
1779042992901,2,GET All Characters,200,OK,Thread Group 1-11,text,true,,926,159,1,1,http://localhost:3001/characters,2,0,0
1779042992903,1,POST Character,201,Created,Thread Group 1-11,text,true,,276,223,1,1,http://localhost:3001/character,1,0,0
1779042992904,1,GET Character by ID,200,OK,Thread Group 1-11,text,true,,264,160,1,1,http://localhost:3001/character/1,1,0,0
1779042992905,0,PUT Character,200,OK,Thread Group 1-11,text,true,,270,210,1,1,http://localhost:3001/character/2,0,0,0
1779042992905,1,DELETE Character,404,Not Found,Thread Group 1-11,text,false,,273,213,1,1,http://localhost:3001/character/3,1,0,0
1779042992906,2,GET All Characters,200,OK,Thread Group 1-12,text,true,,963,159,1,1,http://localhost:3001/characters,2,0,1
1779042992908,0,POST Character,201,Created,Thread Group 1-12,text,true,,276,223,1,1,http://localhost:3001/character,0,0,0
1779042992909,0,GET Character by ID,200,OK,Thread Group 1-12,text,true,,264,160,1,1,http://localhost:3001/character/1,0,0,0
1779042992909,1,PUT Character,200,OK,Thread Group 1-12,text,true,,270,210,1,1,http://localhost:3001/character/2,1,0,0
1779042992910,1,DELETE Character,404,Not Found,Thread Group 1-12,text,false,,273,213,1,1,http://localhost:3001/character/3,1,0,0
1779042992922,1,GET All Characters,200,OK,Thread Group 1-13,text,true,,1000,159,1,1,http://localhost:3001/characters,1,0,0
1779042992923,1,POST Character,201,Created,Thread Group 1-13,text,true,,276,223,1,1,http://localhost:3001/character,1,0,0
1779042992924,1,GET Character by ID,200,OK,Thread Group 1-13,text,true,,264,160,1,1,http://localhost:3001/character/1,1,0,0
1779042992925,1,PUT Character,200,OK,Thread Group 1-13,text,true,,270,210,1,1,http://localhost:3001/character/2,1,0,0
1779042992926,0,DELETE Character,404,Not Found,Thread Group 1-13,text,false,,273,213,1,1,http://localhost:3001/character/3,0,0,0
1779042992930,1,GET All Characters,200,OK,Thread Group 1-14,text,true,,1037,159,1,1,http://localhost:3001/characters,1,0,0
1779042992932,0,POST Character,201,Created,Thread Group 1-14,text,true,,276,223,1,1,http://localhost:3001/character,0,0,0
1779042992932,1,GET Character by ID,200,OK,Thread Group 1-14,text,true,,264,160,1,1,http://localhost:3001/character/1,1,0,0
1779042992933,1,PUT Character,200,OK,Thread Group 1-14,text,true,,270,210,1,1,http://localhost:3001/character/2,1,0,0
1779042992934,1,DELETE Character,404,Not Found,Thread Group 1-14,text,false,,273,213,1,1,http://localhost:3001/character/3,1,0,0
1779042992941,2,GET All Characters,200,OK,Thread Group 1-15,text,true,,1074,159,1,1,http://localhost:3001/characters,2,0,0
1779042992943,1,POST Character,201,Created,Thread Group 1-15,text,true,,276,223,1,1,http://localhost:3001/character,1,0,0
1779042992944,0,GET Character by ID,200,OK,Thread Group 1-15,text,true,,264,160,1,1,http://localhost:3001/character/1,0,0,0
1779042992944,1,PUT Character,200,OK,Thread Group 1-15,text,true,,270,210,1,1,http://localhost:3001/character/2,1,0,0
1779042992945,1,DELETE Character,404,Not Found,Thread Group 1-15,text,false,,273,213,1,1,http://localhost:3001/character/3,1,0,0
1779042992951,2,GET All Characters,200,OK,Thread Group 1-16,text,true,,1111,159,1,1,http://localhost:3001/characters,2,0,1
1779042992953,1,POST Character,201,Created,Thread Group 1-16,text,true,,276,223,1,1,http://localhost:3001/character,1,0,0
1779042992954,0,GET Character by ID,200,OK,Thread Group 1-16,text,true,,264,160,1,1,http://localhost:3001/character/1,0,0,0
1779042992954,1,PUT Character,200,OK,Thread Group 1-16,text,true,,270,210,1,1,http://localhost:3001/character/2,1,0,0
1779042992955,1,DELETE Character,404,Not Found,Thread Group 1-16,text,false,,273,213,1,1,http://localhost:3001/character/3,1,0,0
1779042992962,1,GET All Characters,200,OK,Thread Group 1-17,text,true,,1148,159,1,1,http://localhost:3001/characters,1,0,0
1779042992963,1,POST Character,201,Created,Thread Group 1-17,text,true,,276,223,1,1,http://localhost:3001/character,1,0,0
1779042992964,1,GET Character by ID,200,OK,Thread Group 1-17,text,true,,264,160,1,1,http://localhost:3001/character/1,1,0,0
1779042992965,0,PUT Character,200,OK,Thread Group 1-17,text,true,,270,210,1,1,http://localhost:3001/character/2,0,0,0
1779042992965,1,DELETE Character,404,Not Found,Thread Group 1-17,text,false,,273,213,1,1,http://localhost:3001/character/3,1,0,0
1779042992971,1,GET All Characters,200,OK,Thread Group 1-18,text,true,,1185,159,1,1,http://localhost:3001/characters,1,0,0
1779042992972,1,POST Character,201,Created,Thread Group 1-18,text,true,,276,223,1,1,http://localhost:3001/character,1,0,0
1779042992973,1,GET Character by ID,200,OK,Thread Group 1-18,text,true,,264,160,1,1,http://localhost:3001/character/1,1,0,0
1779042992974,1,PUT Character,200,OK,Thread Group 1-18,text,true,,270,210,1,1,http://localhost:3001/character/2,1,0,0
1779042992975,1,DELETE Character,404,Not Found,Thread Group 1-18,text,false,,273,213,1,1,http://localhost:3001/character/3,1,0,0
1779042992981,1,GET All Characters,200,OK,Thread Group 1-19,text,true,,1222,159,1,1,http://localhost:3001/characters,1,0,0
1779042992983,1,POST Character,201,Created,Thread Group 1-19,text,true,,276,223,1,1,http://localhost:3001/character,1,0,0
1779042992984,1,GET Character by ID,200,OK,Thread Group 1-19,text,true,,264,160,1,1,http://localhost:3001/character/1,1,0,0
1779042992985,1,PUT Character,200,OK,Thread Group 1-19,text,true,,270,210,1,1,http://localhost:3001/character/2,1,0,0
1779042992986,1,DELETE Character,404,Not Found,Thread Group 1-19,text,false,,273,213,1,1,http://localhost:3001/character/3,1,0,0
1779042992990,2,GET All Characters,200,OK,Thread Group 1-20,text,true,,1260,159,1,1,http://localhost:3001/characters,2,0,0
1779042992992,1,POST Character,201,Created,Thread Group 1-20,text,true,,276,223,1,1,http://localhost:3001/character,1,0,0
1779042992993,1,GET Character by ID,200,OK,Thread Group 1-20,text,true,,264,160,1,1,http://localhost:3001/character/1,1,0,0
1779042992994,1,PUT Character,200,OK,Thread Group 1-20,text,true,,270,210,1,1,http://localhost:3001/character/2,1,0,0
1779042992996,1,DELETE Character,404,Not Found,Thread Group 1-20,text,false,,273,213,1,1,http://localhost:3001/character/3,1,0,0
1779042993001,2,GET All Characters,200,OK,Thread Group 1-21,text,true,,1297,159,1,1,http://localhost:3001/characters,2,0,0
1779042993003,2,POST Character,201,Created,Thread Group 1-21,text,true,,276,223,1,1,http://localhost:3001/character,2,0,0
1779042993005,0,GET Character by ID,200,OK,Thread Group 1-21,text,true,,264,160,1,1,http://localhost:3001/character/1,0,0,0
1779042993006,0,PUT Character,200,OK,Thread Group 1-21,text,true,,270,210,2,2,http://localhost:3001/character/2,0,0,0
1779042993006,1,DELETE Character,404,Not Found,Thread Group 1-21,text,false,,273,213,2,2,http://localhost:3001/character/3,1,0,0
1779042993006,2,GET All Characters,200,OK,Thread Group 1-22,text,true,,1334,159,1,1,http://localhost:3001/characters,2,0,1
1779042993008,1,POST Character,201,Created,Thread Group 1-22,text,true,,276,223,1,1,http://localhost:3001/character,1,0,0
1779042993009,1,GET Character by ID,200,OK,Thread Group 1-22,text,true,,264,160,1,1,http://localhost:3001/character/1,1,0,0
1779042993010,0,PUT Character,200,OK,Thread Group 1-22,text,true,,270,210,1,1,http://localhost:3001/character/2,0,0,0
1779042993010,1,DELETE Character,404,Not Found,Thread Group 1-22,text,false,,273,213,1,1,http://localhost:3001/character/3,1,0,0
1779042993021,2,GET All Characters,200,OK,Thread Group 1-23,text,true,,1371,159,1,1,http://localhost:3001/characters,2,0,0
1779042993023,1,POST Character,201,Created,Thread Group 1-23,text,true,,276,223,1,1,http://localhost:3001/character,1,0,0
1779042993024,0,GET Character by ID,200,OK,Thread Group 1-23,text,true,,264,160,1,1,http://localhost:3001/character/1,0,0,0
1779042993024,1,PUT Character,200,OK,Thread Group 1-23,text,true,,270,210,1,1,http://localhost:3001/character/2,1,0,0
1779042993025,1,DELETE Character,404,Not Found,Thread Group 1-23,text,false,,273,213,1,1,http://localhost:3001/character/3,1,0,0
1779042993031,2,GET All Characters,200,OK,Thread Group 1-24,text,true,,1408,159,1,1,http://localhost:3001/characters,2,0,0
1779042993033,1,POST Character,201,Created,Thread Group 1-24,text,true,,276,223,1,1,http://localhost:3001/character,1,0,0
1779042993034,1,GET Character by ID,200,OK,Thread Group 1-24,text,true,,264,160,1,1,http://localhost:3001/character/1,1,0,0
1779042993035,1,PUT Character,200,OK,Thread Group 1-24,text,true,,270,210,1,1,http://localhost:3001/character/2,1,0,0
1779042993036,1,DELETE Character,404,Not Found,Thread Group 1-24,text,false,,273,213,1,1,http://localhost:3001/character/3,1,0,0
1779042993041,2,GET All Characters,200,OK,Thread Group 1-25,text,true,,1445,159,1,1,http://localhost:3001/characters,2,0,0
1779042993044,1,POST Character,201,Created,Thread Group 1-25,text,true,,276,223,1,1,http://localhost:3001/character,1,0,0
1779042993045,1,GET Character by ID,200,OK,Thread Group 1-25,text,true,,264,160,1,1,http://localhost:3001/character/1,1,0,0
1779042993046,1,PUT Character,200,OK,Thread Group 1-25,text,true,,270,210,1,1,http://localhost:3001/character/2,1,0,0
1779042993047,1,DELETE Character,404,Not Found,Thread Group 1-25,text,false,,273,213,1,1,http://localhost:3001/character/3,1,0,0
1779042993050,2,GET All Characters,200,OK,Thread Group 1-26,text,true,,1482,159,1,1,http://localhost:3001/characters,2,0,1
1779042993052,1,POST Character,201,Created,Thread Group 1-26,text,true,,276,223,1,1,http://localhost:3001/character,1,0,0
1779042993053,1,GET Character by ID,200,OK,Thread Group 1-26,text,true,,264,160,1,1,http://localhost:3001/character/1,1,0,0
1779042993054,1,PUT Character,200,OK,Thread Group 1-26,text,true,,270,210,1,1,http://localhost:3001/character/2,1,0,0
1779042993055,2,DELETE Character,404,Not Found,Thread Group 1-26,text,false,,273,213,1,1,http://localhost:3001/character/3,2,0,0
1779042993060,2,GET All Characters,200,OK,Thread Group 1-27,text,true,,1519,159,1,1,http://localhost:3001/characters,2,0,0
1779042993062,1,POST Character,201,Created,Thread Group 1-27,text,true,,276,223,1,1,http://localhost:3001/character,1,0,0
1779042993063,1,GET Character by ID,200,OK,Thread Group 1-27,text,true,,264,160,1,1,http://localhost:3001/character/1,1,0,0
1779042993064,1,PUT Character,200,OK,Thread Group 1-27,text,true,,270,210,1,1,http://localhost:3001/character/2,1,0,0
1779042993065,1,DELETE Character,404,Not Found,Thread Group 1-27,text,false,,273,213,1,1,http://localhost:3001/character/3,1,0,0
1779042993067,1,GET All Characters,200,OK,Thread Group 1-28,text,true,,1556,159,1,1,http://localhost:3001/characters,1,0,0
1779042993068,1,POST Character,201,Created,Thread Group 1-28,text,true,,276,223,1,1,http://localhost:3001/character,1,0,0
1779042993069,0,GET Character by ID,200,OK,Thread Group 1-28,text,true,,264,160,1,1,http://localhost:3001/character/1,0,0,0
1779042993069,1,PUT Character,200,OK,Thread Group 1-28,text,true,,270,210,1,1,http://localhost:3001/character/2,1,0,0
1779042993070,1,DELETE Character,404,Not Found,Thread Group 1-28,text,false,,273,213,1,1,http://localhost:3001/character/3,1,0,0
1779042993081,2,GET All Characters,200,OK,Thread Group 1-29,text,true,,1593,159,1,1,http://localhost:3001/characters,2,0,0
1779042993083,1,POST Character,201,Created,Thread Group 1-29,text,true,,276,223,1,1,http://localhost:3001/character,1,0,0
1779042993084,1,GET Character by ID,200,OK,Thread Group 1-29,text,true,,264,160,1,1,http://localhost:3001/character/1,1,0,0
1779042993085,1,PUT Character,200,OK,Thread Group 1-29,text,true,,270,210,1,1,http://localhost:3001/character/2,1,0,0
1779042993086,1,DELETE Character,404,Not Found,Thread Group 1-29,text,false,,273,213,1,1,http://localhost:3001/character/3,1,0,0
1779042993091,2,GET All Characters,200,OK,Thread Group 1-30,text,true,,1630,159,1,1,http://localhost:3001/characters,2,0,0
1779042993093,1,POST Character,201,Created,Thread Group 1-30,text,true,,276,223,1,1,http://localhost:3001/character,1,0,0
1779042993094,0,GET Character by ID,200,OK,Thread Group 1-30,text,true,,264,160,1,1,http://localhost:3001/character/1,0,0,0
1779042993094,1,PUT Character,200,OK,Thread Group 1-30,text,true,,270,210,1,1,http://localhost:3001/character/2,1,0,0
1779042993095,1,DELETE Character,404,Not Found,Thread Group 1-30,text,false,,273,213,1,1,http://localhost:3001/character/3,1,0,0
1779042993101,2,GET All Characters,200,OK,Thread Group 1-31,text,true,,1667,159,1,1,http://localhost:3001/characters,2,0,0
1779042993103,2,POST Character,201,Created,Thread Group 1-31,text,true,,276,223,1,1,http://localhost:3001/character,2,0,0
1779042993105,1,GET Character by ID,200,OK,Thread Group 1-31,text,true,,264,160,1,1,http://localhost:3001/character/1,1,0,0
1779042993106,1,PUT Character,200,OK,Thread Group 1-31,text,true,,270,210,1,1,http://localhost:3001/character/2,1,0,0
1779042993107,1,DELETE Character,404,Not Found,Thread Group 1-31,text,false,,273,213,1,1,http://localhost:3001/character/3,1,0,0
1779042993110,2,GET All Characters,200,OK,Thread Group 1-32,text,true,,1704,159,1,1,http://localhost:3001/characters,2,0,1
1779042993113,1,POST Character,201,Created,Thread Group 1-32,text,true,,276,223,1,1,http://localhost:3001/character,1,0,0
1779042993114,1,GET Character by ID,200,OK,Thread Group 1-32,text,true,,264,160,1,1,http://localhost:3001/character/1,1,0,0
1779042993115,2,PUT Character,200,OK,Thread Group 1-32,text,true,,270,210,1,1,http://localhost:3001/character/2,2,0,0
1779042993117,1,DELETE Character,404,Not Found,Thread Group 1-32,text,false,,273,213,1,1,http://localhost:3001/character/3,1,0,0
1779042993121,1,GET All Characters,200,OK,Thread Group 1-33,text,true,,1741,159,1,1,http://localhost:3001/characters,1,0,0
1779042993123,1,POST Character,201,Created,Thread Group 1-33,text,true,,276,223,1,1,http://localhost:3001/character,1,0,0
1779042993124,1,GET Character by ID,200,OK,Thread Group 1-33,text,true,,264,160,1,1,http://localhost:3001/character/1,1,0,0
1779042993125,1,PUT Character,200,OK,Thread Group 1-33,text,true,,270,210,1,1,http://localhost:3001/character/2,1,0,0
1779042993126,1,DELETE Character,404,Not Found,Thread Group 1-33,text,false,,273,213,1,1,http://localhost:3001/character/3,1,0,0
1779042993131,7,GET All Characters,200,OK,Thread Group 1-34,text,true,,1778,159,1,1,http://localhost:3001/characters,7,0,0
1779042993138,1,POST Character,201,Created,Thread Group 1-34,text,true,,276,223,1,1,http://localhost:3001/character,1,0,0
1779042993140,0,GET Character by ID,200,OK,Thread Group 1-34,text,true,,264,160,2,2,http://localhost:3001/character/1,0,0,0
1779042993140,1,PUT Character,200,OK,Thread Group 1-34,text,true,,270,210,2,2,http://localhost:3001/character/2,1,0,0
1779042993140,2,GET All Characters,200,OK,Thread Group 1-35,text,true,,1815,159,2,2,http://localhost:3001/characters,2,0,0
1779042993141,1,DELETE Character,404,Not Found,Thread Group 1-34,text,false,,273,213,2,2,http://localhost:3001/character/3,1,0,0
1779042993142,0,POST Character,201,Created,Thread Group 1-35,text,true,,276,223,1,1,http://localhost:3001/character,0,0,0
1779042993143,0,GET Character by ID,200,OK,Thread Group 1-35,text,true,,264,160,1,1,http://localhost:3001/character/1,0,0,0
1779042993143,1,PUT Character,200,OK,Thread Group 1-35,text,true,,270,210,1,1,http://localhost:3001/character/2,1,0,0
1779042993144,1,DELETE Character,404,Not Found,Thread Group 1-35,text,false,,273,213,1,1,http://localhost:3001/character/3,1,0,0
1779042993151,2,GET All Characters,200,OK,Thread Group 1-36,text,true,,1852,159,1,1,http://localhost:3001/characters,2,0,0
1779042993153,1,POST Character,201,Created,Thread Group 1-36,text,true,,276,223,1,1,http://localhost:3001/character,1,0,0
1779042993155,0,GET Character by ID,200,OK,Thread Group 1-36,text,true,,264,160,1,1,http://localhost:3001/character/1,0,0,0
1779042993155,1,PUT Character,200,OK,Thread Group 1-36,text,true,,270,210,1,1,http://localhost:3001/character/2,1,0,0
1779042993156,1,DELETE Character,404,Not Found,Thread Group 1-36,text,false,,273,213,1,1,http://localhost:3001/character/3,1,0,0
1779042993161,1,GET All Characters,200,OK,Thread Group 1-37,text,true,,1889,159,1,1,http://localhost:3001/characters,1,0,0
1779042993162,1,POST Character,201,Created,Thread Group 1-37,text,true,,276,223,1,1,http://localhost:3001/character,1,0,0
1779042993163,1,GET Character by ID,200,OK,Thread Group 1-37,text,true,,264,160,1,1,http://localhost:3001/character/1,1,0,0
1779042993164,1,PUT Character,200,OK,Thread Group 1-37,text,true,,270,210,1,1,http://localhost:3001/character/2,1,0,0
1779042993165,1,DELETE Character,404,Not Found,Thread Group 1-37,text,false,,273,213,1,1,http://localhost:3001/character/3,0,0,0
1779042993171,2,GET All Characters,200,OK,Thread Group 1-38,text,true,,1926,159,1,1,http://localhost:3001/characters,2,0,0
1779042993173,1,POST Character,201,Created,Thread Group 1-38,text,true,,276,223,1,1,http://localhost:3001/character,1,0,0
1779042993174,1,GET Character by ID,200,OK,Thread Group 1-38,text,true,,264,160,1,1,http://localhost:3001/character/1,1,0,0
1779042993175,1,PUT Character,200,OK,Thread Group 1-38,text,true,,270,210,1,1,http://localhost:3001/character/2,1,0,0
1779042993176,0,DELETE Character,404,Not Found,Thread Group 1-38,text,false,,273,213,1,1,http://localhost:3001/character/3,0,0,0
1779042993181,2,GET All Characters,200,OK,Thread Group 1-39,text,true,,1963,159,1,1,http://localhost:3001/characters,2,0,0
1779042993183,2,POST Character,201,Created,Thread Group 1-39,text,true,,276,223,1,1,http://localhost:3001/character,2,0,0
1779042993185,0,GET Character by ID,200,OK,Thread Group 1-39,text,true,,264,160,1,1,http://localhost:3001/character/1,0,0,0
1779042993186,1,PUT Character,200,OK,Thread Group 1-39,text,true,,270,210,1,1,http://localhost:3001/character/2,1,0,0
1779042993187,1,DELETE Character,404,Not Found,Thread Group 1-39,text,false,,273,213,1,1,http://localhost:3001/character/3,1,0,0
1779042993191,2,GET All Characters,200,OK,Thread Group 1-40,text,true,,2000,159,1,1,http://localhost:3001/characters,2,0,1
1779042993193,3,POST Character,201,Created,Thread Group 1-40,text,true,,276,223,1,1,http://localhost:3001/character,3,0,0
1779042993196,0,GET Character by ID,200,OK,Thread Group 1-40,text,true,,264,160,1,1,http://localhost:3001/character/1,0,0,0
1779042993196,1,PUT Character,200,OK,Thread Group 1-40,text,true,,270,210,1,1,http://localhost:3001/character/2,1,0,0
1779042993197,1,DELETE Character,404,Not Found,Thread Group 1-40,text,false,,273,213,1,1,http://localhost:3001/character/3,1,0,0
1779042993200,2,GET All Characters,200,OK,Thread Group 1-41,text,true,,2037,159,1,1,http://localhost:3001/characters,2,0,1
1779042993202,1,POST Character,201,Created,Thread Group 1-41,text,true,,276,223,1,1,http://localhost:3001/character,1,0,0
1779042993203,1,GET Character by ID,200,OK,Thread Group 1-41,text,true,,264,160,1,1,http://localhost:3001/character/1,1,0,0
1779042993204,1,PUT Character,200,OK,Thread Group 1-41,text,true,,270,210,1,1,http://localhost:3001/character/2,1,0,0
1779042993205,1,DELETE Character,404,Not Found,Thread Group 1-41,text,false,,273,213,1,1,http://localhost:3001/character/3,1,0,0
1779042993206,1,GET All Characters,200,OK,Thread Group 1-42,text,true,,2074,159,1,1,http://localhost:3001/characters,1,0,0
1779042993207,1,POST Character,201,Created,Thread Group 1-42,text,true,,276,223,1,1,http://localhost:3001/character,1,0,0
1779042993208,1,GET Character by ID,200,OK,Thread Group 1-42,text,true,,264,160,1,1,http://localhost:3001/character/1,1,0,0
1779042993209,0,PUT Character,200,OK,Thread Group 1-42,text,true,,270,210,1,1,http://localhost:3001/character/2,0,0,0
1779042993210,0,DELETE Character,404,Not Found,Thread Group 1-42,text,false,,273,213,1,1,http://localhost:3001/character/3,0,0,0
1779042993220,3,GET All Characters,200,OK,Thread Group 1-43,text,true,,2111,159,1,1,http://localhost:3001/characters,3,0,1
1779042993223,1,POST Character,201,Created,Thread Group 1-43,text,true,,276,223,1,1,http://localhost:3001/character,1,0,0
1779042993224,0,GET Character by ID,200,OK,Thread Group 1-43,text,true,,264,160,1,1,http://localhost:3001/character/1,0,0,0
1779042993224,1,PUT Character,200,OK,Thread Group 1-43,text,true,,270,210,1,1,http://localhost:3001/character/2,1,0,0
1779042993225,2,DELETE Character,404,Not Found,Thread Group 1-43,text,false,,273,213,1,1,http://localhost:3001/character/3,1,0,0
1779042993232,11,GET All Characters,200,OK,Thread Group 1-44,text,true,,2148,159,2,2,http://localhost:3001/characters,11,0,7
1779042993240,4,GET All Characters,200,OK,Thread Group 1-45,text,true,,2148,159,2,2,http://localhost:3001/characters,3,0,1
1779042993243,1,POST Character,201,Created,Thread Group 1-44,text,true,,276,223,2,2,http://localhost:3001/character,1,0,0
1779042993244,1,POST Character,201,Created,Thread Group 1-45,text,true,,276,223,2,2,http://localhost:3001/character,1,0,0
1779042993244,1,GET Character by ID,200,OK,Thread Group 1-44,text,true,,264,160,2,2,http://localhost:3001/character/1,1,0,0
1779042993245,0,GET Character by ID,200,OK,Thread Group 1-45,text,true,,264,160,2,2,http://localhost:3001/character/1,0,0,0
1779042993245,1,PUT Character,200,OK,Thread Group 1-44,text,true,,270,210,2,2,http://localhost:3001/character/2,1,0,0
1779042993246,1,PUT Character,200,OK,Thread Group 1-45,text,true,,270,210,2,2,http://localhost:3001/character/2,1,0,0
1779042993246,1,DELETE Character,404,Not Found,Thread Group 1-44,text,false,,273,213,2,2,http://localhost:3001/character/3,1,0,0
1779042993247,4,DELETE Character,404,Not Found,Thread Group 1-45,text,false,,273,213,1,1,http://localhost:3001/character/3,4,0,0
1779042993251,2,GET All Characters,200,OK,Thread Group 1-46,text,true,,2222,159,1,1,http://localhost:3001/characters,2,0,1
1779042993253,1,POST Character,201,Created,Thread Group 1-46,text,true,,276,223,1,1,http://localhost:3001/character,1,0,0
1779042993254,1,GET Character by ID,200,OK,Thread Group 1-46,text,true,,264,160,1,1,http://localhost:3001/character/1,0,0,0
1779042993255,0,PUT Character,200,OK,Thread Group 1-46,text,true,,270,210,1,1,http://localhost:3001/character/2,0,0,0
1779042993255,1,DELETE Character,404,Not Found,Thread Group 1-46,text,false,,273,213,1,1,http://localhost:3001/character/3,1,0,0
1779042993258,1,GET All Characters,200,OK,Thread Group 1-47,text,true,,2259,159,1,1,http://localhost:3001/characters,1,0,0
1779042993259,1,POST Character,201,Created,Thread Group 1-47,text,true,,276,223,1,1,http://localhost:3001/character,1,0,0
1779042993260,1,GET Character by ID,200,OK,Thread Group 1-47,text,true,,264,160,1,1,http://localhost:3001/character/1,1,0,0
1779042993261,0,PUT Character,200,OK,Thread Group 1-47,text,true,,270,210,1,1,http://localhost:3001/character/2,0,0,0
1779042993261,1,DELETE Character,404,Not Found,Thread Group 1-47,text,false,,273,213,1,1,http://localhost:3001/character/3,1,0,0
1779042993266,2,GET All Characters,200,OK,Thread Group 1-48,text,true,,2296,159,1,1,http://localhost:3001/characters,2,0,1
1779042993268,1,POST Character,201,Created,Thread Group 1-48,text,true,,276,223,1,1,http://localhost:3001/character,1,0,0
1779042993269,0,GET Character by ID,200,OK,Thread Group 1-48,text,true,,264,160,1,1,http://localhost:3001/character/1,0,0,0
1779042993270,0,PUT Character,200,OK,Thread Group 1-48,text,true,,270,210,1,1,http://localhost:3001/character/2,0,0,0
1779042993270,1,DELETE Character,404,Not Found,Thread Group 1-48,text,false,,273,213,1,1,http://localhost:3001/character/3,1,0,0
1779042993281,2,GET All Characters,200,OK,Thread Group 1-49,text,true,,2333,159,1,1,http://localhost:3001/characters,2,0,1
1779042993283,1,POST Character,201,Created,Thread Group 1-49,text,true,,276,223,1,1,http://localhost:3001/character,1,0,0
1779042993285,1,GET Character by ID,200,OK,Thread Group 1-49,text,true,,264,160,1,1,http://localhost:3001/character/1,0,0,0
1779042993286,1,PUT Character,200,OK,Thread Group 1-49,text,true,,270,210,2,2,http://localhost:3001/character/2,1,0,0
1779042993288,0,DELETE Character,404,Not Found,Thread Group 1-49,text,false,,273,213,2,2,http://localhost:3001/character/3,0,0,0
1779042993287,2,GET All Characters,200,OK,Thread Group 1-50,text,true,,2370,159,1,1,http://localhost:3001/characters,2,0,0
1779042993289,0,POST Character,201,Created,Thread Group 1-50,text,true,,276,223,1,1,http://localhost:3001/character,0,0,0
1779042993289,1,GET Character by ID,200,OK,Thread Group 1-50,text,true,,264,160,1,1,http://localhost:3001/character/1,1,0,0
1779042993290,1,PUT Character,200,OK,Thread Group 1-50,text,true,,270,210,1,1,http://localhost:3001/character/2,1,0,0
1779042993291,0,DELETE Character,404,Not Found,Thread Group 1-50,text,false,,273,213,1,1,http://localhost:3001/character/3,0,0,0
1779042993301,2,GET All Characters,200,OK,Thread Group 1-51,text,true,,2407,159,1,1,http://localhost:3001/characters,2,0,0
1779042993303,1,POST Character,201,Created,Thread Group 1-51,text,true,,276,223,1,1,http://localhost:3001/character,1,0,0
1779042993304,1,GET Character by ID,200,OK,Thread Group 1-51,text,true,,264,160,1,1,http://localhost:3001/character/1,1,0,0
1779042993305,0,PUT Character,200,OK,Thread Group 1-51,text,true,,270,210,1,1,http://localhost:3001/character/2,0,0,0
1779042993305,1,DELETE Character,404,Not Found,Thread Group 1-51,text,false,,273,213,1,1,http://localhost:3001/character/3,1,0,0
1779042993311,1,GET All Characters,200,OK,Thread Group 1-52,text,true,,2444,159,1,1,http://localhost:3001/characters,1,0,0
1779042993312,1,POST Character,201,Created,Thread Group 1-52,text,true,,276,223,1,1,http://localhost:3001/character,1,0,0
1779042993313,1,GET Character by ID,200,OK,Thread Group 1-52,text,true,,264,160,1,1,http://localhost:3001/character/1,1,0,0
1779042993314,0,PUT Character,200,OK,Thread Group 1-52,text,true,,270,210,1,1,http://localhost:3001/character/2,0,0,0
1779042993314,1,DELETE Character,404,Not Found,Thread Group 1-52,text,false,,273,213,1,1,http://localhost:3001/character/3,1,0,0
1779042993321,1,GET All Characters,200,OK,Thread Group 1-53,text,true,,2481,159,1,1,http://localhost:3001/characters,1,0,0
1779042993322,1,POST Character,201,Created,Thread Group 1-53,text,true,,276,223,1,1,http://localhost:3001/character,1,0,0
1779042993323,0,GET Character by ID,200,OK,Thread Group 1-53,text,true,,264,160,1,1,http://localhost:3001/character/1,0,0,0
1779042993323,1,PUT Character,200,OK,Thread Group 1-53,text,true,,270,210,1,1,http://localhost:3001/character/2,1,0,0
1779042993324,1,DELETE Character,404,Not Found,Thread Group 1-53,text,false,,273,213,1,1,http://localhost:3001/character/3,1,0,0
1779042993330,2,GET All Characters,200,OK,Thread Group 1-54,text,true,,2518,159,1,1,http://localhost:3001/characters,2,0,1
1779042993332,1,POST Character,201,Created,Thread Group 1-54,text,true,,276,223,1,1,http://localhost:3001/character,1,0,0
1779042993333,0,GET Character by ID,200,OK,Thread Group 1-54,text,true,,264,160,1,1,http://localhost:3001/character/1,0,0,0
1779042993333,1,PUT Character,200,OK,Thread Group 1-54,text,true,,270,210,1,1,http://localhost:3001/character/2,1,0,0
1779042993334,0,DELETE Character,404,Not Found,Thread Group 1-54,text,false,,273,213,1,1,http://localhost:3001/character/3,0,0,0
1779042993341,2,GET All Characters,200,OK,Thread Group 1-55,text,true,,2555,159,1,1,http://localhost:3001/characters,2,0,1
1779042993343,2,POST Character,201,Created,Thread Group 1-55,text,true,,276,223,1,1,http://localhost:3001/character,2,0,0
1779042993345,0,GET Character by ID,200,OK,Thread Group 1-55,text,true,,264,160,1,1,http://localhost:3001/character/1,0,0,0
1779042993345,2,PUT Character,200,OK,Thread Group 1-55,text,true,,270,210,1,1,http://localhost:3001/character/2,2,0,0
1779042993347,0,DELETE Character,404,Not Found,Thread Group 1-55,text,false,,273,213,2,2,http://localhost:3001/character/3,0,0,0
1779042993347,2,GET All Characters,200,OK,Thread Group 1-56,text,true,,2592,159,1,1,http://localhost:3001/characters,2,0,0
1779042993349,1,POST Character,201,Created,Thread Group 1-56,text,true,,276,223,1,1,http://localhost:3001/character,1,0,0
1779042993350,0,GET Character by ID,200,OK,Thread Group 1-56,text,true,,264,160,1,1,http://localhost:3001/character/1,0,0,0
1779042993350,1,PUT Character,200,OK,Thread Group 1-56,text,true,,270,210,1,1,http://localhost:3001/character/2,1,0,0
1779042993351,0,DELETE Character,404,Not Found,Thread Group 1-56,text,false,,273,213,1,1,http://localhost:3001/character/3,0,0,0
1779042993358,1,GET All Characters,200,OK,Thread Group 1-57,text,true,,2629,159,1,1,http://localhost:3001/characters,1,0,0
1779042993360,1,POST Character,201,Created,Thread Group 1-57,text,true,,276,223,1,1,http://localhost:3001/character,1,0,0
1779042993361,1,GET Character by ID,200,OK,Thread Group 1-57,text,true,,264,160,1,1,http://localhost:3001/character/1,1,0,0
1779042993362,0,PUT Character,200,OK,Thread Group 1-57,text,true,,270,210,1,1,http://localhost:3001/character/2,0,0,0
1779042993362,1,DELETE Character,404,Not Found,Thread Group 1-57,text,false,,273,213,1,1,http://localhost:3001/character/3,1,0,0
1779042993372,2,GET All Characters,200,OK,Thread Group 1-58,text,true,,2666,159,1,1,http://localhost:3001/characters,2,0,0
1779042993374,2,POST Character,201,Created,Thread Group 1-58,text,true,,276,223,1,1,http://localhost:3001/character,2,0,0
1779042993376,1,GET Character by ID,200,OK,Thread Group 1-58,text,true,,264,160,1,1,http://localhost:3001/character/1,1,0,0
1779042993377,1,PUT Character,200,OK,Thread Group 1-58,text,true,,270,210,1,1,http://localhost:3001/character/2,1,0,0
1779042993378,0,DELETE Character,404,Not Found,Thread Group 1-58,text,false,,273,213,1,1,http://localhost:3001/character/3,0,0,0
1779042993380,2,GET All Characters,200,OK,Thread Group 1-59,text,true,,2703,159,1,1,http://localhost:3001/characters,2,0,1
1779042993382,1,POST Character,201,Created,Thread Group 1-59,text,true,,276,223,1,1,http://localhost:3001/character,1,0,0
1779042993383,1,GET Character by ID,200,OK,Thread Group 1-59,text,true,,264,160,1,1,http://localhost:3001/character/1,1,0,0
1779042993384,1,PUT Character,200,OK,Thread Group 1-59,text,true,,270,210,1,1,http://localhost:3001/character/2,1,0,0
1779042993385,1,DELETE Character,404,Not Found,Thread Group 1-59,text,false,,273,213,1,1,http://localhost:3001/character/3,1,0,0
1779042993390,2,GET All Characters,200,OK,Thread Group 1-60,text,true,,2740,159,1,1,http://localhost:3001/characters,2,0,0
1779042993392,0,POST Character,201,Created,Thread Group 1-60,text,true,,276,223,1,1,http://localhost:3001/character,0,0,0
1779042993392,1,GET Character by ID,200,OK,Thread Group 1-60,text,true,,264,160,1,1,http://localhost:3001/character/1,1,0,0
1779042993393,1,PUT Character,200,OK,Thread Group 1-60,text,true,,270,210,1,1,http://localhost:3001/character/2,1,0,0
1779042993394,1,DELETE Character,404,Not Found,Thread Group 1-60,text,false,,273,213,1,1,http://localhost:3001/character/3,1,0,0
1779042993401,2,GET All Characters,200,OK,Thread Group 1-61,text,true,,2777,159,1,1,http://localhost:3001/characters,2,0,0
1779042993403,0,POST Character,201,Created,Thread Group 1-61,text,true,,276,223,1,1,http://localhost:3001/character,0,0,0
1779042993403,1,GET Character by ID,200,OK,Thread Group 1-61,text,true,,264,160,1,1,http://localhost:3001/character/1,1,0,0
1779042993404,1,PUT Character,200,OK,Thread Group 1-61,text,true,,270,210,1,1,http://localhost:3001/character/2,1,0,0
1779042993405,0,DELETE Character,404,Not Found,Thread Group 1-61,text,false,,273,213,1,1,http://localhost:3001/character/3,0,0,0
1779042993411,2,GET All Characters,200,OK,Thread Group 1-62,text,true,,2814,159,1,1,http://localhost:3001/characters,2,0,1
1779042993413,1,POST Character,201,Created,Thread Group 1-62,text,true,,276,223,1,1,http://localhost:3001/character,1,0,0
1779042993415,0,GET Character by ID,200,OK,Thread Group 1-62,text,true,,264,160,1,1,http://localhost:3001/character/1,0,0,0
1779042993415,1,PUT Character,200,OK,Thread Group 1-62,text,true,,270,210,1,1,http://localhost:3001/character/2,1,0,0
1779042993416,1,DELETE Character,404,Not Found,Thread Group 1-62,text,false,,273,213,1,1,http://localhost:3001/character/3,1,0,0
1779042993421,9,GET All Characters,200,OK,Thread Group 1-63,text,true,,2851,159,2,2,http://localhost:3001/characters,9,0,0
1779042993431,0,POST Character,201,Created,Thread Group 1-63,text,true,,276,223,2,2,http://localhost:3001/character,0,0,0
1779042993432,0,GET Character by ID,200,OK,Thread Group 1-63,text,true,,264,160,2,2,http://localhost:3001/character/1,0,0,0
1779042993431,2,GET All Characters,200,OK,Thread Group 1-64,text,true,,2888,159,2,2,http://localhost:3001/characters,2,0,0
1779042993433,0,PUT Character,200,OK,Thread Group 1-63,text,true,,270,210,2,2,http://localhost:3001/character/2,0,0,0
1779042993433,1,POST Character,201,Created,Thread Group 1-64,text,true,,276,223,2,2,http://localhost:3001/character,1,0,0
1779042993433,1,DELETE Character,404,Not Found,Thread Group 1-63,text,false,,273,213,2,2,http://localhost:3001/character/3,1,0,0
1779042993434,0,GET Character by ID,200,OK,Thread Group 1-64,text,true,,264,160,1,1,http://localhost:3001/character/1,0,0,0
1779042993434,1,PUT Character,200,OK,Thread Group 1-64,text,true,,270,210,1,1,http://localhost:3001/character/2,1,0,0
1779042993435,0,DELETE Character,404,Not Found,Thread Group 1-64,text,false,,273,213,1,1,http://localhost:3001/character/3,0,0,0
1779042993436,1,GET All Characters,200,OK,Thread Group 1-65,text,true,,2925,159,1,1,http://localhost:3001/characters,1,0,0
1779042993438,0,POST Character,201,Created,Thread Group 1-65,text,true,,276,223,1,1,http://localhost:3001/character,0,0,0
1779042993438,1,GET Character by ID,200,OK,Thread Group 1-65,text,true,,264,160,1,1,http://localhost:3001/character/1,1,0,0
1779042993439,0,PUT Character,200,OK,Thread Group 1-65,text,true,,270,210,1,1,http://localhost:3001/character/2,0,0,0
1779042993439,1,DELETE Character,404,Not Found,Thread Group 1-65,text,false,,273,213,1,1,http://localhost:3001/character/3,1,0,0
1779042993451,2,GET All Characters,200,OK,Thread Group 1-66,text,true,,2962,159,1,1,http://localhost:3001/characters,2,0,0
1779042993453,0,POST Character,201,Created,Thread Group 1-66,text,true,,276,223,1,1,http://localhost:3001/character,0,0,0
1779042993453,1,GET Character by ID,200,OK,Thread Group 1-66,text,true,,264,160,1,1,http://localhost:3001/character/1,1,0,0
1779042993454,1,PUT Character,200,OK,Thread Group 1-66,text,true,,270,210,1,1,http://localhost:3001/character/2,1,0,0
1779042993455,1,DELETE Character,404,Not Found,Thread Group 1-66,text,false,,273,213,1,1,http://localhost:3001/character/3,1,0,0
1779042993458,1,GET All Characters,200,OK,Thread Group 1-67,text,true,,2999,159,1,1,http://localhost:3001/characters,1,0,0
1779042993459,1,POST Character,201,Created,Thread Group 1-67,text,true,,276,223,1,1,http://localhost:3001/character,1,0,0
1779042993460,1,GET Character by ID,200,OK,Thread Group 1-67,text,true,,264,160,1,1,http://localhost:3001/character/1,1,0,0
1779042993461,0,PUT Character,200,OK,Thread Group 1-67,text,true,,270,210,1,1,http://localhost:3001/character/2,0,0,0
1779042993461,1,DELETE Character,404,Not Found,Thread Group 1-67,text,false,,273,213,1,1,http://localhost:3001/character/3,1,0,0
1779042993468,1,GET All Characters,200,OK,Thread Group 1-68,text,true,,3036,159,1,1,http://localhost:3001/characters,1,0,0
1779042993469,1,POST Character,201,Created,Thread Group 1-68,text,true,,276,223,1,1,http://localhost:3001/character,1,0,0
1779042993470,0,GET Character by ID,200,OK,Thread Group 1-68,text,true,,264,160,1,1,http://localhost:3001/character/1,0,0,0
1779042993470,1,PUT Character,200,OK,Thread Group 1-68,text,true,,270,210,1,1,http://localhost:3001/character/2,1,0,0
1779042993471,1,DELETE Character,404,Not Found,Thread Group 1-68,text,false,,273,213,1,1,http://localhost:3001/character/3,1,0,0
1779042993479,1,GET All Characters,200,OK,Thread Group 1-69,text,true,,3073,159,1,1,http://localhost:3001/characters,1,0,0
1779042993480,1,POST Character,201,Created,Thread Group 1-69,text,true,,276,223,1,1,http://localhost:3001/character,1,0,0
1779042993481,1,GET Character by ID,200,OK,Thread Group 1-69,text,true,,264,160,1,1,http://localhost:3001/character/1,1,0,0
1779042993482,1,PUT Character,200,OK,Thread Group 1-69,text,true,,270,210,1,1,http://localhost:3001/character/2,1,0,0
1779042993483,0,DELETE Character,404,Not Found,Thread Group 1-69,text,false,,273,213,1,1,http://localhost:3001/character/3,0,0,0
1779042993492,2,GET All Characters,200,OK,Thread Group 1-70,text,true,,3110,159,1,1,http://localhost:3001/characters,2,0,0
1779042993494,1,POST Character,201,Created,Thread Group 1-70,text,true,,276,223,1,1,http://localhost:3001/character,1,0,0
1779042993495,0,GET Character by ID,200,OK,Thread Group 1-70,text,true,,264,160,1,1,http://localhost:3001/character/1,0,0,0
1779042993495,1,PUT Character,200,OK,Thread Group 1-70,text,true,,270,210,1,1,http://localhost:3001/character/2,1,0,0
1779042993496,1,DELETE Character,404,Not Found,Thread Group 1-70,text,false,,273,213,2,2,http://localhost:3001/character/3,1,0,0
1779042993496,2,GET All Characters,200,OK,Thread Group 1-71,text,true,,3147,159,1,1,http://localhost:3001/characters,2,0,1
1779042993498,0,POST Character,201,Created,Thread Group 1-71,text,true,,276,223,1,1,http://localhost:3001/character,0,0,0
1779042993498,1,GET Character by ID,200,OK,Thread Group 1-71,text,true,,264,160,1,1,http://localhost:3001/character/1,1,0,0
1779042993499,0,PUT Character,200,OK,Thread Group 1-71,text,true,,270,210,1,1,http://localhost:3001/character/2,0,0,0
1779042993500,0,DELETE Character,404,Not Found,Thread Group 1-71,text,false,,273,213,1,1,http://localhost:3001/character/3,0,0,0
1779042993511,1,GET All Characters,200,OK,Thread Group 1-72,text,true,,3184,159,1,1,http://localhost:3001/characters,1,0,0
1779042993512,1,POST Character,201,Created,Thread Group 1-72,text,true,,276,223,1,1,http://localhost:3001/character,1,0,0
1779042993513,1,GET Character by ID,200,OK,Thread Group 1-72,text,true,,264,160,1,1,http://localhost:3001/character/1,1,0,0
1779042993514,0,PUT Character,200,OK,Thread Group 1-72,text,true,,270,210,1,1,http://localhost:3001/character/2,0,0,0
1779042993515,0,DELETE Character,404,Not Found,Thread Group 1-72,text,false,,273,213,1,1,http://localhost:3001/character/3,0,0,0
1779042993521,1,GET All Characters,200,OK,Thread Group 1-73,text,true,,3221,159,1,1,http://localhost:3001/characters,1,0,0
1779042993522,1,POST Character,201,Created,Thread Group 1-73,text,true,,276,223,1,1,http://localhost:3001/character,1,0,0
1779042993523,0,GET Character by ID,200,OK,Thread Group 1-73,text,true,,264,160,1,1,http://localhost:3001/character/1,0,0,0
1779042993523,1,PUT Character,200,OK,Thread Group 1-73,text,true,,270,210,1,1,http://localhost:3001/character/2,1,0,0
1779042993524,0,DELETE Character,404,Not Found,Thread Group 1-73,text,false,,273,213,1,1,http://localhost:3001/character/3,0,0,0
1779042993530,1,GET All Characters,200,OK,Thread Group 1-74,text,true,,3258,159,1,1,http://localhost:3001/characters,1,0,0
1779042993532,0,POST Character,201,Created,Thread Group 1-74,text,true,,276,223,1,1,http://localhost:3001/character,0,0,0
1779042993532,1,GET Character by ID,200,OK,Thread Group 1-74,text,true,,264,160,1,1,http://localhost:3001/character/1,1,0,0
1779042993533,0,PUT Character,200,OK,Thread Group 1-74,text,true,,270,210,1,1,http://localhost:3001/character/2,0,0,0
1779042993533,1,DELETE Character,404,Not Found,Thread Group 1-74,text,false,,273,213,1,1,http://localhost:3001/character/3,1,0,0
1779042993540,2,GET All Characters,200,OK,Thread Group 1-75,text,true,,3295,159,1,1,http://localhost:3001/characters,2,0,0
1779042993542,1,POST Character,201,Created,Thread Group 1-75,text,true,,276,223,1,1,http://localhost:3001/character,1,0,0
1779042993543,0,GET Character by ID,200,OK,Thread Group 1-75,text,true,,264,160,1,1,http://localhost:3001/character/1,0,0,0
1779042993543,1,PUT Character,200,OK,Thread Group 1-75,text,true,,270,210,1,1,http://localhost:3001/character/2,1,0,0
1779042993544,1,DELETE Character,404,Not Found,Thread Group 1-75,text,false,,273,213,1,1,http://localhost:3001/character/3,1,0,0
1779042993551,1,GET All Characters,200,OK,Thread Group 1-76,text,true,,3332,159,1,1,http://localhost:3001/characters,1,0,0
1779042993553,0,POST Character,201,Created,Thread Group 1-76,text,true,,276,223,1,1,http://localhost:3001/character,0,0,0
1779042993553,1,GET Character by ID,200,OK,Thread Group 1-76,text,true,,264,160,1,1,http://localhost:3001/character/1,1,0,0
1779042993554,1,PUT Character,200,OK,Thread Group 1-76,text,true,,270,210,1,1,http://localhost:3001/character/2,1,0,0
1779042993555,0,DELETE Character,404,Not Found,Thread Group 1-76,text,false,,273,213,1,1,http://localhost:3001/character/3,0,0,0
1779042993559,1,GET All Characters,200,OK,Thread Group 1-77,text,true,,3369,159,1,1,http://localhost:3001/characters,1,0,0
1779042993560,1,POST Character,201,Created,Thread Group 1-77,text,true,,276,223,1,1,http://localhost:3001/character,1,0,0
1779042993561,1,GET Character by ID,200,OK,Thread Group 1-77,text,true,,264,160,1,1,http://localhost:3001/character/1,1,0,0
1779042993562,1,PUT Character,200,OK,Thread Group 1-77,text,true,,270,210,1,1,http://localhost:3001/character/2,1,0,0
1779042993563,0,DELETE Character,404,Not Found,Thread Group 1-77,text,false,,273,213,1,1,http://localhost:3001/character/3,0,0,0
1779042993570,2,GET All Characters,200,OK,Thread Group 1-78,text,true,,3406,159,1,1,http://localhost:3001/characters,2,0,1
1779042993572,1,POST Character,201,Created,Thread Group 1-78,text,true,,276,223,1,1,http://localhost:3001/character,1,0,0
1779042993573,3,GET Character by ID,200,OK,Thread Group 1-78,text,true,,264,160,1,1,http://localhost:3001/character/1,3,0,0
1779042993576,4,PUT Character,200,OK,Thread Group 1-78,text,true,,270,210,1,1,http://localhost:3001/character/2,4,0,0
1779042993581,1,DELETE Character,404,Not Found,Thread Group 1-78,text,false,,273,213,2,2,http://localhost:3001/character/3,1,0,0
1779042993581,3,GET All Characters,200,OK,Thread Group 1-79,text,true,,3443,159,1,1,http://localhost:3001/characters,3,0,1
1779042993584,0,POST Character,201,Created,Thread Group 1-79,text,true,,276,223,1,1,http://localhost:3001/character,0,0,0
1779042993584,1,GET Character by ID,200,OK,Thread Group 1-79,text,true,,264,160,1,1,http://localhost:3001/character/1,1,0,0
1779042993585,0,PUT Character,200,OK,Thread Group 1-79,text,true,,270,210,1,1,http://localhost:3001/character/2,0,0,0
1779042993585,0,DELETE Character,404,Not Found,Thread Group 1-79,text,false,,273,213,1,1,http://localhost:3001/character/3,0,0,0
1779042993586,1,GET All Characters,200,OK,Thread Group 1-80,text,true,,3480,159,1,1,http://localhost:3001/characters,1,0,0
1779042993587,0,POST Character,201,Created,Thread Group 1-80,text,true,,276,223,1,1,http://localhost:3001/character,0,0,0
1779042993587,0,GET Character by ID,200,OK,Thread Group 1-80,text,true,,264,160,1,1,http://localhost:3001/character/1,0,0,0
1779042993587,1,PUT Character,200,OK,Thread Group 1-80,text,true,,270,210,1,1,http://localhost:3001/character/2,1,0,0
1779042993588,0,DELETE Character,404,Not Found,Thread Group 1-80,text,false,,273,213,1,1,http://localhost:3001/character/3,0,0,0
1779042993601,1,GET All Characters,200,OK,Thread Group 1-81,text,true,,3517,159,1,1,http://localhost:3001/characters,1,0,0
1779042993602,1,POST Character,201,Created,Thread Group 1-81,text,true,,276,223,1,1,http://localhost:3001/character,1,0,0
1779042993603,0,GET Character by ID,200,OK,Thread Group 1-81,text,true,,264,160,1,1,http://localhost:3001/character/1,0,0,0
1779042993603,1,PUT Character,200,OK,Thread Group 1-81,text,true,,270,210,1,1,http://localhost:3001/character/2,1,0,0
1779042993604,1,DELETE Character,404,Not Found,Thread Group 1-81,text,false,,273,213,1,1,http://localhost:3001/character/3,1,0,0
1779042993609,1,GET All Characters,200,OK,Thread Group 1-82,text,true,,3554,159,1,1,http://localhost:3001/characters,1,0,0
1779042993610,1,POST Character,201,Created,Thread Group 1-82,text,true,,276,223,1,1,http://localhost:3001/character,1,0,0
1779042993611,0,GET Character by ID,200,OK,Thread Group 1-82,text,true,,264,160,1,1,http://localhost:3001/character/1,0,0,0
1779042993611,1,PUT Character,200,OK,Thread Group 1-82,text,true,,270,210,1,1,http://localhost:3001/character/2,1,0,0
1779042993612,0,DELETE Character,404,Not Found,Thread Group 1-82,text,false,,273,213,1,1,http://localhost:3001/character/3,0,0,0
1779042993621,1,GET All Characters,200,OK,Thread Group 1-83,text,true,,3591,159,1,1,http://localhost:3001/characters,1,0,0
1779042993622,1,POST Character,201,Created,Thread Group 1-83,text,true,,276,223,1,1,http://localhost:3001/character,1,0,0
1779042993623,0,GET Character by ID,200,OK,Thread Group 1-83,text,true,,264,160,1,1,http://localhost:3001/character/1,0,0,0
1779042993623,1,PUT Character,200,OK,Thread Group 1-83,text,true,,270,210,1,1,http://localhost:3001/character/2,1,0,0
1779042993624,0,DELETE Character,404,Not Found,Thread Group 1-83,text,false,,273,213,1,1,http://localhost:3001/character/3,0,0,0
1779042993629,1,GET All Characters,200,OK,Thread Group 1-84,text,true,,3628,159,1,1,http://localhost:3001/characters,1,0,0
1779042993630,1,POST Character,201,Created,Thread Group 1-84,text,true,,276,223,1,1,http://localhost:3001/character,1,0,0
1779042993631,1,GET Character by ID,200,OK,Thread Group 1-84,text,true,,264,160,1,1,http://localhost:3001/character/1,1,0,0
1779042993632,0,PUT Character,200,OK,Thread Group 1-84,text,true,,270,210,1,1,http://localhost:3001/character/2,0,0,0
1779042993632,1,DELETE Character,404,Not Found,Thread Group 1-84,text,false,,273,213,1,1,http://localhost:3001/character/3,1,0,0
1779042993637,1,GET All Characters,200,OK,Thread Group 1-85,text,true,,3665,159,1,1,http://localhost:3001/characters,1,0,0
1779042993638,0,POST Character,201,Created,Thread Group 1-85,text,true,,276,223,1,1,http://localhost:3001/character,0,0,0
1779042993639,0,GET Character by ID,200,OK,Thread Group 1-85,text,true,,264,160,1,1,http://localhost:3001/character/1,0,0,0
1779042993639,1,PUT Character,200,OK,Thread Group 1-85,text,true,,270,210,1,1,http://localhost:3001/character/2,1,0,0
1779042993640,0,DELETE Character,404,Not Found,Thread Group 1-85,text,false,,273,213,1,1,http://localhost:3001/character/3,0,0,0
1779042993651,1,GET All Characters,200,OK,Thread Group 1-86,text,true,,3702,159,1,1,http://localhost:3001/characters,1,0,0
1779042993652,1,POST Character,201,Created,Thread Group 1-86,text,true,,276,223,1,1,http://localhost:3001/character,1,0,0
1779042993653,0,GET Character by ID,200,OK,Thread Group 1-86,text,true,,264,160,1,1,http://localhost:3001/character/1,0,0,0
1779042993654,0,PUT Character,200,OK,Thread Group 1-86,text,true,,270,210,1,1,http://localhost:3001/character/2,0,0,0
1779042993654,1,DELETE Character,404,Not Found,Thread Group 1-86,text,false,,273,213,1,1,http://localhost:3001/character/3,1,0,0
1779042993661,3,GET All Characters,200,OK,Thread Group 1-87,text,true,,3739,159,1,1,http://localhost:3001/characters,3,0,0
1779042993664,1,POST Character,201,Created,Thread Group 1-87,text,true,,276,223,1,1,http://localhost:3001/character,1,0,0
1779042993665,0,GET Character by ID,200,OK,Thread Group 1-87,text,true,,264,160,1,1,http://localhost:3001/character/1,0,0,0
1779042993665,1,PUT Character,200,OK,Thread Group 1-87,text,true,,270,210,1,1,http://localhost:3001/character/2,1,0,0
1779042993666,0,DELETE Character,404,Not Found,Thread Group 1-87,text,false,,273,213,1,1,http://localhost:3001/character/3,0,0,0
1779042993671,1,GET All Characters,200,OK,Thread Group 1-88,text,true,,3776,159,1,1,http://localhost:3001/characters,1,0,0
1779042993672,0,POST Character,201,Created,Thread Group 1-88,text,true,,276,223,1,1,http://localhost:3001/character,0,0,0
1779042993672,1,GET Character by ID,200,OK,Thread Group 1-88,text,true,,264,160,1,1,http://localhost:3001/character/1,1,0,0
1779042993673,1,PUT Character,200,OK,Thread Group 1-88,text,true,,270,210,1,1,http://localhost:3001/character/2,1,0,0
1779042993674,0,DELETE Character,404,Not Found,Thread Group 1-88,text,false,,273,213,1,1,http://localhost:3001/character/3,0,0,0
1779042993681,1,GET All Characters,200,OK,Thread Group 1-89,text,true,,3813,159,1,1,http://localhost:3001/characters,1,0,0
1779042993682,1,POST Character,201,Created,Thread Group 1-89,text,true,,276,223,1,1,http://localhost:3001/character,1,0,0
1779042993683,0,GET Character by ID,200,OK,Thread Group 1-89,text,true,,264,160,1,1,http://localhost:3001/character/1,0,0,0
1779042993683,1,PUT Character,200,OK,Thread Group 1-89,text,true,,270,210,1,1,http://localhost:3001/character/2,1,0,0
1779042993684,1,DELETE Character,404,Not Found,Thread Group 1-89,text,false,,273,213,1,1,http://localhost:3001/character/3,1,0,0
1779042993691,1,GET All Characters,200,OK,Thread Group 1-90,text,true,,3850,159,1,1,http://localhost:3001/characters,1,0,0
1779042993692,0,POST Character,201,Created,Thread Group 1-90,text,true,,276,223,1,1,http://localhost:3001/character,0,0,0
1779042993693,0,GET Character by ID,200,OK,Thread Group 1-90,text,true,,264,160,1,1,http://localhost:3001/character/1,0,0,0
1779042993693,1,PUT Character,200,OK,Thread Group 1-90,text,true,,270,210,1,1,http://localhost:3001/character/2,0,0,0
1779042993694,0,DELETE Character,404,Not Found,Thread Group 1-90,text,false,,273,213,1,1,http://localhost:3001/character/3,0,0,0
1779042993700,1,GET All Characters,200,OK,Thread Group 1-91,text,true,,3887,159,1,1,http://localhost:3001/characters,1,0,0
1779042993701,1,POST Character,201,Created,Thread Group 1-91,text,true,,277,223,1,1,http://localhost:3001/character,1,0,0
1779042993702,0,GET Character by ID,200,OK,Thread Group 1-91,text,true,,264,160,1,1,http://localhost:3001/character/1,0,0,0
1779042993702,1,PUT Character,200,OK,Thread Group 1-91,text,true,,270,210,1,1,http://localhost:3001/character/2,1,0,0
1779042993703,0,DELETE Character,404,Not Found,Thread Group 1-91,text,false,,273,213,1,1,http://localhost:3001/character/3,0,0,0
1779042993709,1,GET All Characters,200,OK,Thread Group 1-92,text,true,,3925,159,1,1,http://localhost:3001/characters,1,0,0
1779042993710,1,POST Character,201,Created,Thread Group 1-92,text,true,,277,223,1,1,http://localhost:3001/character,1,0,0
1779042993711,0,GET Character by ID,200,OK,Thread Group 1-92,text,true,,264,160,1,1,http://localhost:3001/character/1,0,0,0
1779042993711,1,PUT Character,200,OK,Thread Group 1-92,text,true,,270,210,1,1,http://localhost:3001/character/2,1,0,0
1779042993712,1,DELETE Character,404,Not Found,Thread Group 1-92,text,false,,273,213,1,1,http://localhost:3001/character/3,1,0,0
1779042993720,2,GET All Characters,200,OK,Thread Group 1-93,text,true,,3963,159,1,1,http://localhost:3001/characters,2,0,0
1779042993722,1,POST Character,201,Created,Thread Group 1-93,text,true,,277,223,1,1,http://localhost:3001/character,1,0,0
1779042993723,1,GET Character by ID,200,OK,Thread Group 1-93,text,true,,264,160,1,1,http://localhost:3001/character/1,1,0,0
1779042993724,1,PUT Character,200,OK,Thread Group 1-93,text,true,,270,210,1,1,http://localhost:3001/character/2,1,0,0
1779042993725,0,DELETE Character,404,Not Found,Thread Group 1-93,text,false,,273,213,1,1,http://localhost:3001/character/3,0,0,0
1779042993730,2,GET All Characters,200,OK,Thread Group 1-94,text,true,,4001,159,1,1,http://localhost:3001/characters,2,0,1
1779042993732,1,POST Character,201,Created,Thread Group 1-94,text,true,,277,223,1,1,http://localhost:3001/character,1,0,0
1779042993733,0,GET Character by ID,200,OK,Thread Group 1-94,text,true,,264,160,1,1,http://localhost:3001/character/1,0,0,0
1779042993734,0,PUT Character,200,OK,Thread Group 1-94,text,true,,270,210,1,1,http://localhost:3001/character/2,0,0,0
1779042993734,1,DELETE Character,404,Not Found,Thread Group 1-94,text,false,,273,213,1,1,http://localhost:3001/character/3,1,0,0
1779042993741,1,GET All Characters,200,OK,Thread Group 1-95,text,true,,4039,159,1,1,http://localhost:3001/characters,1,0,0
1779042993742,2,POST Character,201,Created,Thread Group 1-95,text,true,,277,223,1,1,http://localhost:3001/character,2,0,0
1779042993744,1,GET Character by ID,200,OK,Thread Group 1-95,text,true,,264,160,1,1,http://localhost:3001/character/1,1,0,0
1779042993745,4,PUT Character,200,OK,Thread Group 1-95,text,true,,270,210,2,2,http://localhost:3001/character/2,4,0,0
1779042993749,2,DELETE Character,404,Not Found,Thread Group 1-95,text,false,,273,213,2,2,http://localhost:3001/character/3,2,0,0
1779042993749,2,GET All Characters,200,OK,Thread Group 1-96,text,true,,4077,159,1,1,http://localhost:3001/characters,2,0,0
1779042993752,0,POST Character,201,Created,Thread Group 1-96,text,true,,277,223,1,1,http://localhost:3001/character,0,0,0
1779042993752,1,GET Character by ID,200,OK,Thread Group 1-96,text,true,,264,160,1,1,http://localhost:3001/character/1,1,0,0
1779042993753,1,PUT Character,200,OK,Thread Group 1-96,text,true,,270,210,1,1,http://localhost:3001/character/2,1,0,0
1779042993754,1,DELETE Character,404,Not Found,Thread Group 1-96,text,false,,273,213,1,1,http://localhost:3001/character/3,1,0,0
1779042993761,1,GET All Characters,200,OK,Thread Group 1-97,text,true,,4115,159,1,1,http://localhost:3001/characters,1,0,0
1779042993762,1,POST Character,201,Created,Thread Group 1-97,text,true,,277,223,1,1,http://localhost:3001/character,1,0,0
1779042993763,0,GET Character by ID,200,OK,Thread Group 1-97,text,true,,264,160,1,1,http://localhost:3001/character/1,0,0,0
1779042993764,0,PUT Character,200,OK,Thread Group 1-97,text,true,,270,210,1,1,http://localhost:3001/character/2,0,0,0
1779042993764,0,DELETE Character,404,Not Found,Thread Group 1-97,text,false,,273,213,1,1,http://localhost:3001/character/3,0,0,0
1779042993771,1,GET All Characters,200,OK,Thread Group 1-98,text,true,,4153,159,1,1,http://localhost:3001/characters,1,0,0
1779042993772,1,POST Character,201,Created,Thread Group 1-98,text,true,,277,223,1,1,http://localhost:3001/character,1,0,0
1779042993773,0,GET Character by ID,200,OK,Thread Group 1-98,text,true,,264,160,1,1,http://localhost:3001/character/1,0,0,0
1779042993773,1,PUT Character,200,OK,Thread Group 1-98,text,true,,270,210,1,1,http://localhost:3001/character/2,1,0,0
1779042993774,0,DELETE Character,404,Not Found,Thread Group 1-98,text,false,,273,213,1,1,http://localhost:3001/character/3,0,0,0
1779042993781,1,GET All Characters,200,OK,Thread Group 1-99,text,true,,4191,159,1,1,http://localhost:3001/characters,1,0,0
1779042993782,1,POST Character,201,Created,Thread Group 1-99,text,true,,277,223,1,1,http://localhost:3001/character,1,0,0
1779042993783,0,GET Character by ID,200,OK,Thread Group 1-99,text,true,,264,160,1,1,http://localhost:3001/character/1,0,0,0
1779042993783,1,PUT Character,200,OK,Thread Group 1-99,text,true,,270,210,1,1,http://localhost:3001/character/2,1,0,0
1779042993784,0,DELETE Character,404,Not Found,Thread Group 1-99,text,false,,273,213,1,1,http://localhost:3001/character/3,0,0,0
1779042993789,1,GET All Characters,200,OK,Thread Group 1-100,text,true,,4229,159,1,1,http://localhost:3001/characters,1,0,0
1779042993790,1,POST Character,201,Created,Thread Group 1-100,text,true,,277,223,1,1,http://localhost:3001/character,1,0,0
1779042993791,0,GET Character by ID,200,OK,Thread Group 1-100,text,true,,264,160,1,1,http://localhost:3001/character/1,0,0,0
1779042993791,1,PUT Character,200,OK,Thread Group 1-100,text,true,,270,210,1,1,http://localhost:3001/character/2,1,0,0
1779042993792,0,DELETE Character,404,Not Found,Thread Group 1-100,text,false,,273,213,1,1,http://localhost:3001/character/3,0,0,0
